Name,0,1,2,3,4,5
Carlos,"Orange Spice Muffins Recipe ,Broccoli Cornbread Recipe ,Roasted Vegetables Recipe ,'Bob''s Cinnamon',Cream of Tomato Soup Recipe ,Sweet and Sour Zucchini Salad Recipe ,Faux Meat Balls Recipe ,'Carla''s Fruit Dip Recipe ',Banana Oatmeal Cookies I Recipe ,Chewy Peanut Butter Strips Recipe ,Cape Breeze Recipe ,Applesauce Cake VI Recipe ,Orange Glaze II Recipe ,The Ultimate Brownie Recipe ,Fried Lobster Recipe ,'Pickled Pig''s Feet III Recipe ',Chicken and Corn Chili Recipe ","Coconut Poke Cake Recipe ,Chocolate Ganache Icing Recipe ,Cinnamon Pancakes in a Jar Recipe ,Banana Angel Food Cake Recipe ,Rum Rollover Recipe ,Almond Filling Recipe ,Cranberry Sauce Extraordinaire Recipe ,'EZ Kid''s Potato Salad Recipe ',Great Chicken Salad Recipe ,Knefla Soup II Recipe ,Lemonade Pie V Recipe ,Plum Sauce Recipe ,Pineapple Cranberry Relish Recipe ,Cheese Ball Recipe ","Banana Nut Bread Baked in a Jar Recipe ,White Chocolate Blueberry Cheesecake Recipe ,'Jen''s Nachos Recipe ','Like No One Else''s Fruit Salad Dressing Recipe ',Apple Roll,Breakfast Sausage Roll Recipe ,Cranberry Rum Punch Recipe ,Passion Bars Recipe ,Breakfast Cake Recipe ,Creamy Chicken Breasts Recipe ,Cream Peas Recipe ,Tomato Basil Soup I Recipe ,Irresistible Irish Soda Bread Recipe ,Fresh Green Dip Recipe ,Tomato Pork Chops II Recipe ,Honey Barbecue Sauce Recipe ","Popcorn Cake II Recipe ,Harvest Loaf Cake Recipe ,Spicy Crispy Beef Recipe ,Black,French Toast I Recipe ,Cranberry Salad with Grapes Recipe ,Springerle IV Recipe ,Blackberry Jam Cake II Recipe ,'Jen''s Almond Cardamom Cookies Recipe ',Stuffed Celery Recipe ,Barbequed Marinated Flank Steak Recipe ,'Deni''s Strawberry Cheese Pie Recipe ',Polish Sausage Soup Recipe ,Provincial Beef Stew Recipe ,Cake and Ice Cream Cake Recipe ,BLT Dip Recipe ,Peppermint Patties Recipe ,Pretzel Salad I Recipe ,Quick Ice Cream Recipe ,Jordan Marsh Style Blueberry Muffins Recipe ,Cool Cookie Crumble Recipe ,'Cindy''s Pumpkin Pie Recipe ',Best Cream Of Broccoli Soup Recipe ,Oil Cookies Recipe ,Artichoke Crab Dip Recipe ,Oatmeal Pie III Recipe ,Moist Cheesecake Recipe ,Fruit Dip VI Recipe ,Australian Damper Recipe ,Hoagie Dip Recipe ,Irish Potato Cake Recipe ,Fruit Salad Recipe ","Fondant Frosting Recipe ,Instant Russian Tea Recipe ,Amazing Corn Cake Recipe ,Bananas Foster Pudding Recipe ,Caipirinha Recipe ,Coconut Candies Recipe ,Cranberry,Tangy BBQ Ribs Recipe ,Confetti Scalloped Potatoes Recipe ,Chicken and Cheese Crescents Recipe ,'Uncle Bob''s Soybean Bread Recipe ',Seafood Quiche Recipe ,Swedish Apple Pie Recipe ,Veal Marsala Recipe ,Lemon Ginger Shrimp Recipe ,Sausage Stuffed Mushrooms II Recipe ","Indian Naan II Recipe ,Chili Seasoning Mix I Recipe ,Avocado Salad Recipe ,Strawberry Trifle Recipe ,Wasabi Tartar Sauce Recipe ,Amish Friendship Bread II Recipe ,Strawberry Soup I Recipe ,Easy Cream Cheese Pie Recipe ,Gourmet Sweet Potato Classic Recipe ,'Jim Goode''s BBQ Beef Rub Recipe ',Mini Pizzas Recipe ,Pumpkin Spice Cake I Recipe ,Orange Apricot Loaf Recipe ,Pumpkin Roll II Recipe "
Mariana,"Basic Chicken Salad Recipe ,Calico Beans with Beef and Bacon Recipe ,Wild Blackberry Pie Recipe ,Italian Chocolate Chip Cookies Recipe ,Marinated Cherry Tomato Salad Recipe ,Saucy Chicken Dip Recipe ,Appleless Apple Pie Recipe ,Candied Kielbasa Recipe ,Garlic Cheese Logs Recipe ,Tofu Burgers Recipe ,Ketchup Recipe ,Brown Sugar Chops Recipe ,Summer Pasta with Basil, Tomatoes and Cheese Recipe ,Mulled Apple Champagne Punch Recipe ,'Paula''s Polenta with Mushroom Topping Recipe ',Cottage Cheese Bread II Recipe ,Fresh Pear Pie Recipe ,Best Cocktail Meatballs Recipe ","Pumpernickel Bread II Recipe ,Hawaiian Shrimp Recipe ,Greek Spaghetti I Recipe ,Easy Cheesy Chicken Bake Recipe ,Cucumber Soup I Recipe ,Cafeteria Carrot Souffle Recipe ,Chocolate Chip Muffins II Recipe ,'Marie''s Easy Slow Cooker Pot Roast Recipe ',Easy Iced Coffee Recipe ,Manhattan Recipe ,Pot Roast in Foil Recipe ,Chocolate Banana Bread Pudding Recipe ,Fruit Dip IV Recipe ,Coffee Butter Frosting Recipe ,'Barbara''s Golden Pound Cake Recipe '","Honey Oatmeal Bread I Recipe,Oatmeal Soda Bread Recipe,Tiramisu IV Recipe ,Pecan Pralines Recipe ,Chicken Corn Soup I Recipe ,'Mary''s Pecan Crusted Chicken Recipe ',Mock Champagne Recipe ,Potato and Shiitake Mushroom Gratin Recipe ,Red Tropic Sparkler Recipe ,White Cheese Chicken Lasagna Recipe ,Italian Rice Balls Recipe ,Grilled Tofu Sandwich Filling Recipe ,Zucchilattas Recipe ,Rollatini with Pork and Rosemary Filling Recipe ,Southern Burgers Recipe ,Corn Chowder II Recipe ","Texas Hotdog Sauce Recipe ,Chicken Kiev Recipe ,Restaurant Style Red Beans and Rice Recipe ,Chinese Five Spice Chicken Recipe ,Tuna Buns in Tinfoil Recipe ,Cracker Candy Recipe ,Spicy Pork Stir,Salsa Costena Recipe ,Passion Bars Recipe ,Make,Easy Candy Yams Recipe ,'Granny''s Banana Bread Recipe ',Easy Summer Pie Recipe ,Sauerkraut Soup II Recipe ,Delicious Barbeque Sauce Recipe ,Slow Cooker Chicken Dressing Recipe ,Three Bean Soup Recipe ,Roasted Pork Tenderloin Recipe ,No Drip Ice Pops Recipe ","Broccoli Cornbread Recipe ,Baked Tilapia in Garlic and Olive Oil Recipe ,Drunken Stuffed Figs Recipe ,Sunday Lunch Soup Recipe ,'Annemarie''s Lemon Bars Recipe ',Pistachio Cake I Recipe ,Date Flecked Orange Muffins Recipe ,Wellesley Fudge Cake II Recipe ,Delicious Apple Salad Recipe ,Sun,Pesto Sauce Recipe ,Eggplant Rounds Recipe ,Spaghetti Squash II Recipe ,'Jimmbo''s Garlic Knots Recipe ',Sinless Mississippi Sin Recipe ,'T''s Easy Chicken Recipe ',Somewhere Over the Rainbow Recipe ","Fudgy Chocolate Chip Muffins Recipe ,Boston Baked Beans Recipe ,Cranberry Sauce III Recipe ,Baked Bar,Cheesy Ham and Asparagus Bake Recipe ,Hot Sweet Onion Dip Recipe ,Bacon and Date Appetizer Recipe ,Chicken Wraps Recipe ,Chocolate Cherry Pie Recipe ,Chocolate Cheesecake V Recipe ,Cucumber Dip Recipe ,Frozen Key Lime Pie Recipe ,Homemade Marshmallows II Recipe ,Crushed Pineapple Fruitcake Recipe ,Cranberry,Tiger Butter Recipe ,Holiday Chicken Pot Pie Recipe ,'Bee Lian''s Rich Orange Cake Recipe ',Crackle Thins Recipe ,Mock Apple Pie IV Recipe "
Filipe,"Apple Salad II Recipe ,Baked Oatmeal I Recipe ,Basil Chicken over Angel Hair Recipe ,Chocolate Mocha Liqueur Cake II Recipe ,Cottage Cheese Squares Recipe ,Ziti Chicken and Broccoli Recipe ,Basil Shrimp Recipe ,Quick Chicken Divan Recipe ,'The Cake That Doesn''t Last Recipe ',Grilled Tofu Sandwich Filling Recipe ,Beef, Bean and Barley Stew Recipe ,Awesome Honey Pecan Pork Chops Recipe ,Tangy Tuna Recipe ,Jalapeno Souffle Recipe ,'Brown Family''s Favorite Pumpkin Pie Recipe '","Basic Chicken Salad Recipe ,'Jen''s Nachos Recipe ',Yummy Honey Chicken Kabobs Recipe ,Florida Strawberry Bread Recipe ,Cinnamon Football Cookies Recipe ,Sweet Pie Recipe ,Game Day Hamburgers Recipe ,'Mom''s Brown Potatoes Recipe ',Roquefort Dressing II Recipe ,'Dawn''s Candied Walnuts Recipe ',Chicken Encilantrada Recipe ,Cranberry Parfait Pie Recipe ,Barbeque Sauce III Recipe ,Seafood Mousse Recipe ,Oven Pancake with Apples Recipe ,Slow Cooker Clam Chowder Recipe ,Potato Soup with a Kick Recipe ","Chicken Tortilla Soup I Recipe ,Beer Soup (Biersuppe) Recipe ,'Shaggy''s Hana Bay Frootie Joy Recipe ',Vegetable Medley Casserole Recipe ,Real Texas Chili Recipe ,Easy Manicotti Florentine Recipe ,Dolmathes Recipe ,Mexican Lasagna I Recipe ,Yogurt Herb Dipping Sauce Recipe ,Gingerbread Cookies I Recipe ,Beefy Oven Packets Recipe ,Coffee Praline Muffins Recipe ,Chocolate Cherry Cake IV Recipe ,Fast and Easy Pancakes Recipe ","Fudgy Chocolate Chip Muffins Recipe ,Quick Start Breakfast Drink  Recipe ,Best Rib Sauce Recipe ,Chewy Butter Cake Recipe ,Pistachio Cake IV Recipe ,Easy Cheese Cake Recipe ,Chicken Spaghetti Casserole II Recipe ,Virgin Strawberry Daiquiri Recipe ,Healthy and Delicious Cherry Pie Recipe ,Corn and Rice Medley Recipe ,Chocolate Rice Pudding Recipe ,Sesame Wings Recipe ,Four Fruit Pie Recipe ,Plum Cake Recipe ,Herb Dressing Recipe ,Vegan Stew Recipe ,Hot Chicken Salad V Recipe ,Christmas Stars Recipe ,'Goldy''s Special Salad Recipe ',Concord Grape Pie III Recipe ,Mini Ham And Cheese Rolls Recipe ","Southern Biscuits with Mayonnaise Recipe ,Paximade Recipe ,Fresh Strawberry Pie III Recipe ,Pina Colada Rum Cake Recipe ,Peanut Butter Pie XVI Recipe ,Clam with Tomato and Rice Soup Recipe ,Crackle Thins Recipe ,Easy Chicken Marsala Recipe ,Port Wine Chocolate Cake Recipe ,Knefla Soup II Recipe ,Famous Peanut Caramel Candy Bars Recipe ,Broccoli Cheese Casserole Recipe ,Wisconsin Bratwurst Recipe ,'Ida''s Lemon Mousse Recipe ',Hammy Hash Recipe ,Grilled Chicken Salad with Seasonal Fruit Recipe ,Pepperoni Dip I Recipe ,Beef and Wine Soup with Dumplings Recipe ,Chinese Noodle Pancakes with Asparagus Recipe ","Easy Raisin Cake Recipe ,Gooey Butter Cake I Recipe ,Tomato Vinaigrette Recipe ,Rhubarb Cherry Jelly Recipe ,Hot Swiss and Spinach Dip with Yogurt Recipe ,Manicotti Recipe ,Whipped Sweet Potato Casserole Recipe ,Quick and Easy Cheese Bread Recipe ,Awesome Broccoli Casserole Recipe ,Herb Roasted Vegetables Recipe ,Fried Corn with Bacon Recipe ,Pita Chips Recipe ,Easy and Delicious Chicken Recipe ,Fantastic Mexican Dip Recipe ,Thousand Island Dressing III Recipe ,Easy Pheasant Casserole Recipe ,Creamy Tuna Pasta Salad Recipe ,Flank Steak with Garlic Wine Sauce Recipe "
Rita,"Southern Biscuits with Mayonnaise Recipe ,Fudgy Chocolate Chip Muffins Recipe ,Pumpernickel Bread II Recipe ,Eggless Fruitcake Recipe ,Sauced Fish Recipe ,Zucchilattas Recipe ,'Aunt Janet''s Pumpkin Dump Cake Recipe ',Simple Beef Stroganoff Recipe ,Asian Chicken Noodle Salad Recipe ,Super Fajita Marinade Recipe ,Oatmeal Bread II Recipe ,Maple Apple Crisp Recipe ,Sweet Pea and Dill Salad Recipe ,Beer Cheese Soup III Recipe ,Corn and Chicken Soup Recipe ,Cherry Crisp Recipe ,Summertime Tropical Fruit Salad Recipe ,Easy and Delicious Chicken Recipe ,Sweet and Sour Meatloaf Recipe ,Streusel Apple Coffeecake Recipe ,Hot Crab Dip Recipe ,Pretzel Salad Recipe ","Blue Cheese Bites Recipe ,Curried Apple and Leek Soup Recipe ,'Tommy''s Ham Casserole Recipe ',Brown Sugar Pie I Recipe ,Festive Nut Bowl Recipe ,Spinach Stuffing Recipe ,Crab Snacks Recipe ,Cedarwood Recipe ,Simple Caesar Salad Dressing Recipe ,Onion Bread II Recipe ,Brownies IV Recipe ,Perfect Pineapple Orange Chicken Recipe ,Basic Yankee Bread Stuffing Recipe ,Green Goddess Dressing I Recipe ,Creamy Ice Coffee Recipe ,Camotes al Horno (Baked Yams) Recipe ,Cheesecake Bars Recipe ","White Chocolate Covered Pretzels Recipe ,Raspberry Peach Chicken Recipe ,Potato Chicken Stew Recipe ,Chicken Noodle Casserole I Recipe ,Pumpernickel Spinach Dip II Recipe ,'Dana''s Party Mix Recipe ',Chocolate Chip Coffee Cake Recipe ,Teriyaki Marinade IV Recipe ,Lemon Cheesecake Recipe ,Old,Chocolate Pretzels Recipe ,Cucumber Sandwiches II Recipe "," Broccoli Cornbread Recipe ,Thai Chicken Cabbage Soup Recipe ,'Nancy''s Pumpkin Butter Recipe ',Egg Breakfast Pizza Recipe ,Cranberry Gelatin Salad Recipe ,Cucumber and Olive Appetizers Recipe ,Sleepy Hollow Chicken Salad Supreme Recipe ,Chocolate Raisin Oatmeal Muffins Recipe ,Quick Microwave Frittata Casserole Recipe ,Four Seasons Enchiladas Recipe ,Bachelor Buttons II Recipe ,Hot Onion Dip Recipe ,Raw Candy Recipe ,'Sharkey''s Barbequed Trout Recipe ',Curried Cream of Any Veggie Soup Recipe ,Artichoke Dip II Recipe ,Asian Salad Recipe ,Great Garlic Bread Recipe ,Praline Cookies Recipe ,Broccoli With Lemon Almond Butter Recipe ","Fudgy Chocolate Chip Muffins Recipe ,Fruit Dip III Recipe ,Gooey Butter Cake I Recipe ,Be Prepared Five,Blueberry,Waldorf Salad II Recipe ,'Adam''s Dirt Cookies Recipe ',Stuffed Flounder Recipe ,'Marie''s Summer Marvel Recipe ',Renaissance Stuffed Mushrooms Recipe ,Shrimp Stuffed Mushrooms Recipe ,Caramelized Baked Chicken Recipe ,Pineapple Delight Smoothie Recipe ,On the Go Casserole Recipe ,Sourdough Buckwheat Pancakes Recipe ","Southern Biscuits with Mayonnaise Recipe ,Tequini Recipe ,Mock Apple Pie I Recipe ,Apple Pie Spice Mix Recipe ,Individual Beef Wellingtons Recipe ,Crab and Swiss Quiche Recipe ,'Kati Rose''s Cheese Ball Recipe ',Chicken Broth in a Slow Cooker Recipe ,Thai Beef Salad Recipe ,Rainbow Punch Recipe ,Trail Mix Recipe ,Sausage Stuffed Mushrooms II Recipe ,Homemade Vanilla Recipe ,Easy Cinnamon Fudge Recipe ,'Mr. Kirk''s Won Tons Recipe ',Lemon Delight Recipe ,Slow Cooker Shredded Venison for Tacos Recipe ,Sauerkraut Sausage Balls Recipe "
Hugo,"Fancy Hamburgers Recipe ,Absolutely Excellent Oatmeal Cookies Recipe ,Italian Special Sweet Fried Ravioli Cookies Recipe ,Chili Seasoning Mix II Recipe ,'Devil''s Food Cake II Recipe ',Mocha Chocolate Chip Banana Muffins Recipe ,Butter Icing for Cookies Recipe ,Light Coconut Pie Recipe ,Vanilla Ice Cream VII Recipe ,Caramel Recipe ,Mushroom Spinach Soup Recipe ,Cantonese Lean Pork Congee Recipe ,'Dorsey''s Fish & Oyster House Crab Cakes Recipe ',Bar,Christmas Chip Dip Recipe ","Fudgy Chocolate Chip Muffins Recipe ,Best Ever Meatloaf I Recipe ,Simple Seafood Soup Recipe ,'Chloe''s Quick Fruit Salad Recipe ',Meat Filled Manicotti Recipe ,'My Dad''s BBQ Sauce Recipe ',Chocolate Cheesecake III Recipe ,Lobster Casserole Recipe ,Special Banana Bread Recipe ,Easy Peachy Cobbler Bake Recipe ,Restaurant,Gooey Cherry Bars Recipe ,Chicken Surprise Recipe ,Spinach Dip II Recipe ,Chicken Wild Rice Soup I Recipe ,Springtime Ham and Spinach Salad Recipe ,Brandy or Rum Balls Recipe ,Tasty Bake Chicken Recipe ,Chocolate Chip Pie IV Recipe ,Mid,Baked Pineapple Casserole Recipe ","Best Ever Hot Artichoke Dip Recipe ,Pound Cake I Recipe ,Pumpkin Impossible Pie Recipe ,Awesome Broccoli,Sausage Stuffing Balls Recipe ,Brunch Enchiladas Recipe ,Tuxedo Brownie Hug Cookies Recipe ,Roasted Garlic Mashed Potatoes Recipe ,Banana Tortilla Snacks Recipe ,Vanilla Ice Cream Recipe ,Lemon Sugar Tea Cookies Recipe ,Lobster and Chive Bisque Recipe ,Cranberry Waldorf Recipe ,Orange Johnny Cake Recipe ,Pumpkin Bread Recipe ,'Jill''s Vegetable Chili Recipe ','Jen''s Almond Cardamom Cookies Recipe ',Chocolate Coconut Bars Recipe ","Slow Cooker Potato Soup Recipe ,Spicy Pork Stir,Glazed Meatloaf II Recipe ,Honey Butter Recipe ,Vegan Refried Beans Recipe ,Great Start Crab Dip/Spread Recipe ,Three,Lemon Pepper Cod Recipe ,Baby Back Ribs Recipe ,Huevos Mexicanos Recipe ,'Mom''s Yummy Sweet Stuffing Recipe ',Lemon Poppy Seed Dessert Cake Recipe ,Dark Dreams Recipe ","Southern Biscuits with Mayonnaise Recipe ,Basic Chicken Salad Recipe ,Pumpernickel Bread II Recipe ,Eggless Fruitcake Recipe ,Bohemian Pork Roast Recipe ,Best Basic Sweet Bread Recipe ,Corn and Rice Medley Recipe ,Soft, Moist and Gooey Cinnamon Buns Recipe ,Banana Meatloaf Recipe ,Whipped Frosting II Recipe ,Quick Eggplant Parmesan Recipe ,Baked Spinach Artichoke Dip Recipe ,Hot Cross Buns II Recipe ,Nacho Dip II Recipe ,Pickle Rolls Recipe ,Sauerbraten III Recipe ,Blender Chocolate Mousse II Recipe ,Savory Apple Pork Chops Recipe ,Mexican Hot Dip Recipe ,Spicy Potato Soup II Recipe "," Indian Naan II Recipe ,Sesame Pasta Chicken Salad Recipe ,Seven Layer Dinner Recipe ,Cauliflower,'Mom''s Baked Beans I Recipe ',Texas Sheet Cake VI Recipe ,Harvest Pumpkin Tarts Recipe ,Mexican Wontons Recipe ,Mock Lemon Chiffon Cake Recipe ,'Elaine''s Peanut Butter Cookies Recipe ',Banana Pudding IV Recipe ,BLT Dip Recipe ,Pasta with Spinach Pesto Sauce Recipe ,No Bake Chocolate Oatmeal Cookies Recipe ,Pumpkin Swirl Bread Recipe ,Gyoza Recipe ,Healthier Chicken a la King Recipe ,Peanut Butter Cookies VIII Recipe "
Pedro,"Basic Chicken Salad Recipe ,Whipped Frosting II Recipe ,Sour Cream Coffee Cake IV Recipe ,Chicken Gravy Enchilada Casserole Recipe ,Pickle Rolls Recipe ,Leek and Onion Vegetable Dip Recipe ,Cajun Boiled Peanuts Recipe ,Old Fashioned Beef Stew Recipe ,'Tina''s Avocado Salsa Recipe ',Country Oatmeal Cookie in a Jar Recipe ,Breakfast Casserole II Recipe ,Polish Bouja Soup Recipe ","Breaded Chicken Fingers Recipe ,Oven Stew II Recipe ,Haroset Recipe ,Rice Crispy Pies Recipe ,Spicy Bacon,Quick Start Breakfast Drink  Recipe ,Homemade Horseradish Recipe ,One Bowl Rice Recipe ,Easy Teriyaki Chops Recipe ,Wilted Lettuce Salad Recipe ,Raspberry and Almond Shortbread Thumbprints Recipe ,Gravel Salad Recipe ,Grilled Corn on the Cob Recipe ,Doggie Treats II Recipe ,Herbed Cheese Puffs Recipe ,Mazarin Cake II Recipe ,Apple Sheet Cake Recipe ,Amish Sugar Cookies Recipe ","Fudgy Chocolate Chip Muffins Recipe ,Creamy Slow Cooker Potato Cheese Soup Recipe ,Corn and Black Bean Salad Recipe ,Chicken Fried Steak II Recipe ,Sugar Cream Pie I Recipe ,Superb Sausage Casserole Recipe ,'Donna''s Cheesy Quiche Recipe ',Pierogi I Recipe ,Caramel Cups Recipe ,Best Guacamole Recipe ,Cheesecake Bars Recipe ,Strawberry Margarita Cake Recipe ,Clam Chowder III Recipe ,Summer Corn Salad Recipe ,Baked Cornish Game Hens Recipe ,'Adam''s Dirt Cookies Recipe ',Bacon Pie Recipe ,Rice with Goodies Recipe ,Apple Dumplings I Recipe ","Broccoli Cornbread Recipe ,Mexican Lasagna II Recipe ,Date Cake Recipe ,Simple Sicilian Salad Dressing Recipe ,Vanilla Wafer Cake III Recipe ,Fruit Soup (Fruchtsuppe) Recipe ,Corn Chowder with Sausage Recipe ,Strawberry Cake and Frosting I Recipe ,Goat Cheese and Arugula over Penne Recipe ,Chocolate Chip Cream Cheese Muffins Recipe ,Spiced Yogurt Pound Cake Recipe ,Gingerbread Coffee Recipe ,'Jo Ann''s Frosting Recipe '","Carrot Bars Recipe ,Restaurant,'Steve''s Whole Wheat Recipe ',Taco Pie Recipe ,Corn Pudding II Recipe ,Christmas Stars Recipe ,Frying Pan Okra Recipe ,Easy Cream Cheese Pie Recipe ,No Bake Cereal Cookies Recipe ,Rainbow Rotini Salad Recipe ,'Maria''s Rice Recipe ',Holiday Green Beans Recipe ,'Marie''s Summer Marvel Recipe ',Smothered Beef Short Ribs Recipe ,Unbaked Fruit Cake Recipe ,Coleslaw I Recipe ,Banana Crumb Muffins Recipe ,Horseradish Crab Dip Recipe ,Strawberry Soup II Recipe ,Creamy Fruit Dip Recipe ","Pumpernickel Bread II Recipe ,'Lori''s Crunchy Peanut Butter',Vinegar Pie VII Recipe ,Cajun Style Blackened Snapper Recipe ,Fresh Pear Pie Recipe ,Crispy Herb Baked Chicken Recipe ,Chocolate Chip Marble Cookies Recipe ,Herb Biscuits Recipe ,Mango Shortbread Bars Recipe ,'Debdoozie''s Blue Ribbon Chili Recipe ',Liverwurst Recipe ,Peanut Butter Bars I Recipe ,'Joey''s Cheesecake Recipe ',Sleepy Hollow Chicken Salad Supreme Recipe ,Pizza Casserole Recipe ,Chess Pie IV Recipe ,Broccoli Slaw Recipe ,Almond Bark Drop Cookies Recipe ,Autumn Salad Recipe ,Chocolate Angel Food Cake I Recipe ,October Apple Pie Recipe "
Marta,"Pumpernickel Bread II Recipe ,Fudgy Chocolate Chip Muffins Recipe ,Banana Blast I Recipe ,Baked Mini Pumpkins Recipe ,Bacon Wrapped Chicken Recipe ,Baked Cheese Sticks Recipe ,Apple Pie Bread Recipe ,Tiramisu II Recipe ,Chocolate Soup I Recipe ,Pumpkin Chiffon Pie III Recipe ,Ice Box Cake I Recipe ,Provincial Beef Stew Recipe ,Easy Fruit Cobbler Recipe ,Simple But Awesome Lemon Pepper Pork Chops Recipe ,Pita Parcels Recipe ,Blender Chocolate Mousse II Recipe ","Shrimp Cream Cheese Spread Recipe ,Chocolate Cake III Recipe ,Stuffed Green Peppers Recipe ,Sausage Smothered in Red Cabbage Recipe ,Lower Fat Banana Bread II Recipe ,Sweet and Sour Slaw Recipe ,'Grandma''s Ham Casserole Recipe ',Baked Slow Cooker Chicken Recipe ,Favorite Lentil Soup Recipe ,Frozen Sherbet Dessert Recipe ,Greek Chicken Salad Recipe ,Green Chile Chicken Stew Recipe ,Zucchilattas Recipe ","'Ben''s Seafood Dip Recipe ',Delicious Shrimp Dip Recipe ,Fresh Spinach Salad Recipe ,Marshmallow Log Recipe ,Autumn Apple Salad Recipe ,'Monica''s Never Fail Rolls Recipe ',Shirley Temple II Recipe ,Zucchini Saute Recipe ,'Joy''s Taco Salad Recipe ',Fresh Vegetable Soup Recipe ,Split Pea and Sausage Soup Recipe ,Egg Salad in Squash Boats Recipe ,'Mom''s Baked Beans II Recipe ',White Pizza with Porcinis Recipe ,Best Cream Of Broccoli Soup Recipe ,Pasta e Fagioli a la Chez Ivano Recipe ,Hot Onion Dip Recipe ,Beer Steak Recipe ","Broccoli Cornbread Recipe ,Hot Bacon Dressing Recipe ,Lebkuchen VI Recipe ,Salsa Chicken Burrito Filling Recipe ,Pickle Rollups Recipe ,Birthday Party Cake Recipe ,Snickerdoodle Mix in a Jar Recipe ,Peanut Butter Cookies VII Recipe ,Rise To The Sun Recipe ,Gooseberry Pie II Recipe ,Cheeseburger Soup I Recipe ,Ham Breakfast Braid Recipe ,Mochatini Recipe ,Cheese and Artichoke Fondue Recipe ,Calamari Salad Recipe ,Super Cereal Recipe ,Grilled Zucchini Pizza Recipe ,Green Chutney Recipe ,Watercress Soup Recipe ,Tuna And Bean Salad Recipe ,Coconut Candies Recipe ,Frozen Latte Dessert Recipe ,Grilled Chicken Noodle Soup Recipe ,Tropical Baked Bananas Recipe ","Southern Biscuits with Mayonnaise Recipe ,Fruity Pasta Salad With Lemon Poppy Seed Dressing Recipe ,Avocado Corn Salsa Recipe ,Pineapple Pie IV Recipe ,Colonial Chess Pie Recipe ,Butterscotch Pudding I Recipe ,Five Hour Stew Recipe ,Baked Salmon Fillets Dijon Recipe ,Lobster Creole Recipe ,Slow Cooker Italian Beef for Sandwiches Recipe ,Easy Pineapple Cake Recipe ,Easter Basket Cake Recipe ,Quick and Easy Stuffed Peppers Recipe ,Roast Potatoes Recipe ,Jammin Good Bars Recipe ","Chili Dog Casserole II Recipe ,Frying Pan Okra Recipe ,'Michelle''s Zesty Hummus',Stuffed Flounder Recipe ,Chinese Noodle Pancakes with Asparagus Recipe ,Salad Pizza Recipe ,Great Garlic Knots Recipe ,Pudding with Cornflakes Recipe ,'Nana''s Christmas Stollen Recipe ','Aunt Wanda''s Turkey Carcass Soup Recipe ',Pumpkin Pie Cake II Recipe ,'Crostini D''Emily Recipe ',Jiffy Casserole Recipe ,'Penny''s Smoothie Recipe ',Iced Mocha Fusion Shake Recipe ,Roasted Vegetables Recipe ,'Grandmother''s Punch Recipe '"
Luis,"Best Cream Of Broccoli Soup Recipe ,Basque Cake Recipe ,'Grandma''s Salad Dressing Recipe ',Black Bean and Corn Salad II Recipe ,Beef Marinade I Recipe ,Colorful Turkey Pasta Salad Recipe ,Lebkuchen V Recipe ,Chicken and Turkey Marinade Recipe ,Chocolate Chip Cream Cheese Muffins Recipe ,Chicken and Dumplings II Recipe ,Poppy Seed Cake III Recipe ,Potpourri Soup Recipe ,Baked Oatmeal I Recipe ,End of the Rainbow Cake Recipe ,Heaven and Hell Cake Recipe ,Yum,'Angela''s Oriental Chicken Noodle Soup Recipe ',Homemade Mustard Recipe ","Shrimp Enchiladas Recipe ,The Best Garlic Bread Recipe ,Grilled Whole Turkey Recipe ,California Bean Dip Recipe ,Grilled Asparagus with Roasted Garlic Toast and Balsamic Vinaigrette Recipe ,Zucchini Pineapple Bread I Recipe ,Award Winning Peaches and Cream Pie Recipe ,Christmas Punch Recipe ,Pasta with Vietnamese Pesto Recipe ,Basic Biscuits Recipe ,American,Mandarin Orange, Gorgonzola and Almond Delight Recipe ,Chocolate Pudding Cake IV Recipe ,Green Tomato Relish Recipe ,Applesauce Cinnamon Gelatin Salad Recipe ,Raspberry Swirl Recipe ,'Carrot Soup ''a la Louise'' Recipe ',Murphy Steaks Recipe ,Lump Soup Recipe ,Bacon Roll Ups II Recipe ,Grilled Chicken and Pasta Salad Recipe ","Easy Mushroom Rice Recipe ,Double Cheese Casserole Recipe ,Pistachio Cake IV Recipe ,Apple Pudding Recipe ,Cheese Puff Appetizers Recipe ,Nutburgers Recipe ,Marinated Pork Tenderloin Recipe ,'Aunt Joyce''s Chocolate Cake Recipe ',Mustard and Veggie Pasta Salad Recipe ,Asparagus Quiche Recipe ,'Aunt Millie''s Broccoli Casserole Recipe ',Carrot Cake III Recipe ,Camp Chili Recipe ,Zucchini Chocolate Rum Cake Recipe ,Cauliflower,Pumpkin Cheesecake I Recipe ","Holiday Red Punch Recipe ,'My Father''s Lime Daiquiri Recipe ',Warm Camembert Salad Recipe ,Crab Rangoon III Recipe ,Ruby Cake Recipe ,Slow,Buffalo Chicken Wings Recipe ,Crackle Thins Recipe ,Chocolate Covered Strawberries Recipe ,Baked Bar,Parmesan Spinach Balls Recipe ,A Good Barbeque Sauce Recipe ,'Karen''s Baked Banana Stuffed French Toast Recipe ',Harvest Pumpkin Soup Recipe ,Chocolate Waffles I Recipe ,'Queenie''s Killer Tomato Bagel Sandwich Recipe ',Fudge Truffle Cheesecake Recipe ,Portuguese Soup Recipe ,Shrimp Soup Recipe ","Hot Spiced Cider Recipe ,Instant Russian Tea Recipe ,Snow Ice Cream II Recipe ,Easy Cranberry Chicken Recipe ,Creamy Bacon Dip Recipe ,'Shaggy''s Perfect Martini Recipe ',Tortellini Salad II Recipe ,Passover Komish Recipe ,'Joey''s Cheesecake Recipe ','Grammy''s Amazing Cheese Ball Recipe ',Very, Very, Very Good Cheesecake Recipe ,Butterscotch Bread Recipe ,Strawberry, Kiwi, and Spinach Salad Recipe ,Nutella® Cheesecake Recipe ,Scallop Blankets Appetizer Recipe ,Spag Bol Recipe ,Salmon Patties I Recipe ,Bacon Wrapped Chicken Recipe ","Curry Chicken Salad Recipe ,Unbaked Fruit Cake Recipe ,Quick and Easy 20,'Sam''s Kicking Cranberry Sauce Recipe ',Crunchy Turkey Salad Recipe ,Rainbow Rotini Salad Recipe ,Strawberry, Kiwi, and Spinach Salad Recipe ,Party Franks Recipe ,Fig Bars I Recipe ,'Glasser''s Greek Marlin Recipe ',Tri,'Grandma''s Hash Browns Recipe ',Eggplant Croquettes Recipe "
Diogo,"Sparkling Punch Recipe ,Holiday Red Punch Recipe ,Avocado Dip II Recipe ,Onion Rice Recipe ,Cottage Cheese Dumplings Recipe ,Vegetarian Sandwich Spread Recipe ,Ginger Swordfish Recipe ,Pumpkin Cheese Pie Recipe ,Sauerkraut Casserole Recipe ,Beefy Cheese Dip Recipe ,'Mom''s Baked Beans I Recipe ',Delicata Creamy Squash Soup Recipe ,'Clayton''s Pork Chops Recipe ',Slow Cooker Lemon Garlic Chicken II Recipe ,Original Irish Cream Recipe ,Lemon Poppy Seed Bundt Cake Recipe ,Quick and Easy Apple Muffins Recipe ,Cheesy Ham and Asparagus Bake Recipe ,Baked Potato Soup I Recipe ,Italian Roast Beef I Recipe ,Autumn Apple Blender Cake Recipe ","Famous Hot Fudge Topping Recipe ,Saucy Chops II Recipe ,Fruit Cocktail Cake V Recipe ,Oxtail Soup I Recipe ,Szechuan Spicy Eggplant Recipe ,Restaurant,'Tina''s Avocado Salsa Recipe ',Crab Stuffed Mushrooms III Recipe ,Monster Cookies II Recipe ,Vanilla Cream and Chocolate Wafer Pie Recipe ,Chicken Chip Bake Recipe ","Easy Seven Layer Vegetable Salad Recipe ,Santa Cookie Wreath Recipe ,Apple Cake V Recipe ,Baklava Recipe ,'Angela''s Oriental Chicken Noodle Soup Recipe ',Crabmeat Bake Special Recipe ,Sherbet Shower Surprise Recipe ,Cheesy Asparagus Casserole Recipe ,Easy and Good Honey Mustard Salad Dressing Recipe ,Pumpkin Butter III Recipe ,Rosy Radishes Recipe ,Chocolate Mocha Liqueur Cake II Recipe ,'Grandma''s Ham Casserole Recipe ','Shaggy''s Perfect Martini Recipe ',Tomato Florentine Soup I Recipe ,Greek Lemon Cake Recipe ,Earthquake Cake III Recipe ,'Nana''s Christmas Stollen Recipe ',Creamy Kielbasa and Potato Soup Recipe ,Baba Ghanoush with Yogurt Recipe ","Provincial Beef Stew Recipe ,Salsa Pasta Salad Recipe ,'Aunt Phyllis'' Magnificent Cheese Ball Recipe ',Caramel Chocolate Corn Recipe ,Portuguese Lemon Bavarois Recipe ,Deep Fried Dill Pickles Recipe ,Graham Cookies Recipe ,Fresh Apple Tarts Recipe ,Best Hot Crab Dip Recipe ,Turkey Sausage Breakfast Recipe ,Portuguese Bean Soup II Recipe ,Angel Food Cake III Recipe ,No,Simple Peanut Squash Recipe ,Wine Cheese Fondue Recipe ,Italian Fig Cookies II Recipe ,Chocolate Pound Cake III Recipe ","Instant Russian Tea Recipe ,Beef and Wine Soup with Dumplings Recipe ,Vinegar Taffy Recipe ,Reuben Sandwich II Recipe ,Tomato, Cucumber and Red Onion Salad with Mint Recipe ,Paris,Tomato Pork Chops I Recipe ,Zesty Pork Tenderloin Recipe ,'April''s Deviled Eggs Recipe ',Dressing for Potato Salad Recipe ,Olive Oil Bread Recipe ,Pumpkin Pie Cake II Recipe ,Light and Spicy Fish Recipe ,Double Tomato Bruschetta Recipe ,'Janet''s Rich Banana Bread Recipe ',Basic Coconut Cookies Recipe ,Blender Chocolate Mousse Recipe ","Basic Chicken Salad Recipe ,Country Chicken Casserole Recipe ,Black Bean and Corn Salad I Recipe ,Butterscotch Crunch Recipe ,Easiest Spicy Cod Recipe ,Mesquite Grilled Pork Chops with Apple Salsa Recipe ,Broccoli Bites Recipe ,Vinegar Based BBQ Sauce Recipe ,Pickle Rolls Recipe ,No Drip Ice Pops Recipe ,Creamy Onion Soup Recipe ,'Shepherd''s Pie V Recipe ',Quite a Peachy Pour Recipe ,'Donna''s White Sauce Recipe ',Stuffing of Champions Recipe ,Sweet Potato Souffle II Recipe ,Harvest Rice Dish Recipe "
Alex,"Lemon,Quick Rice Pilaf Recipe ,Ranch Bean Dip Recipe ,Australian English Trifle Recipe ,Tiramisu III Recipe ,Strawberry Cobbler II Recipe ,Ricotta Cheese Cake Recipe ,Italian Taco Salad Recipe ,'Santiago''s Stuffed Squid Recipe ',Strawberry Sparkles Recipe ,Zesty Pantry Potato Stew Recipe ,Chicken With A Bang Recipe ,Hash Brown Casserole II Recipe ,Chicken Surprise Recipe ,'Craig''s Mystic Wings Recipe ',Slow Cooker Mashed Potatoes Recipe ,Chocolate Dream Cake Recipe ,Tex Mex Potato Soup Recipe ","Romaine with Garlic Lemon Anchovy Dressing Recipe ,Fudgy Chocolate Chip Muffins Recipe ,Healthy Banana Cookies Recipe ,Spicy Salsa Recipe ,Banana Oat and Bran Cookies Recipe ,Freeze,Cookie Salad I Recipe ,Old Fashioned Scalloped Tomatoes Recipe ,Lemon Custard Filling Recipe ,Shrimp Fondue Recipe ,Jalapeno Pie Mini Tarts Recipe ,Strawberry Pudding Pie Recipe ,'Busy Student''s Supper Recipe ',Pennsylvania Dutch Pound Cake Recipe ","'Beatrice Savitz''s Apricot Cookies Recipe ',Hamburger Hash Recipe ,Texas New Mexico Chili Recipe ,Easy Egg Tarts Recipe ,Mini Cheesecakes I Recipe ,Easy Vegetable Beef Soup Recipe ,Fruity Ham Glaze Recipe ,Sugar Cookies II Recipe ,Spicy Rapid Roast Chicken Recipe ,Fantastic Mexican Dip Recipe ,Cappuccino in a Jar Recipe ,Old Fashioned Chicken Pot Pie Recipe ,Apple Pie II Recipe ,Biscochitos I Recipe ,Sausage Crescent Rolls Recipe ,Dry Rub for Ribs Recipe ,Make Ahead Manicotti Recipe ,Sfingi Recipe ,American Chop Suey II Recipe ,Crunchy Wheat and Rye Recipe ","Indian Naan II Recipe ,Texas Hotdog Sauce Recipe ,Apple Dumplings III Recipe ,Lime Gelatin Salad I Recipe ,Garlic Jelly Recipe ,Sweet Corn Cake Recipe ,German Chocolate Thumbprint Cookies Recipe ,Bean and Sausage Soup Recipe ,Yogurt Chicken Curry Recipe ,'Sandy''s Casserole Recipe ',Zesty Taco Casserole Recipe ,Festive Nut Bowl Recipe ","Orange Spice Muffins Recipe ,Five Cup Salad Recipe ,Fruit Cocktail Cake I Recipe ,Famous Peanut Caramel Candy Bars Recipe ,Grilled Kingfish Recipe ,Blueberry Crumble Recipe ,Chicken Noodle Casserole I Recipe ,Hungry Bear Pie Recipe ,English Trifle to Die For Recipe ,Vanilla Ice Cream Recipe ,Layered Cheddar,Deep Fried Oysters Recipe ,Homemade Caramels Recipe ,Cream Puffs I Recipe ,Sweet and Gooey Chicken Wings Recipe ,Baked Tilapia in Garlic and Olive Oil Recipe ,Italian Herb Infused Olive Oil Recipe ,Hash Brown Casserole III Recipe ,Easy Chicken Taco Filling Recipe ,Sweet Pea and Noodle Salad Recipe ","Fondant Frosting Recipe ,Creamy Corn Soup Recipe ,Mexican Lasagna Recipe ,Shirley Temple II Recipe ,Stuffed Cabbage Recipe ,Pumpkin Roll II Recipe ,Sweet and Sour Smoked Sausage Recipe ,Strawberry Spinach Salad II Recipe ,Creamy Pea Soup Recipe ,Angel Pudding Recipe ,Peaches and Cream Pie II Recipe ,Rhinelander Lentil Soup Recipe ,'Aunt Bill''s Brown Candy Recipe ',Spicy Red Snapper Recipe ,Pineapple Chicken Bites Recipe ,'Claire''s Yummy Crepes Recipe ','Mrs Espy''s Enchilada Sauce Recipe ','B and L''s Strawberry Smoothie Recipe ',Slow Cooker Spinach Marinara Sauce Recipe ,Impossible Brownie Pie Recipe "
Kiko,"Matrimonial Bliss Recipe ,Fruit Dip III Recipe ,Mexican Coffee Recipe ,'Kayla''s Southern Pecan Mist Cake Recipe ',Cranberry Apple Pie III Recipe ,Fried Chicken with Creamy Gravy Recipe ,Hot Sweet Onion Dip Recipe ,Moutabel Recipe ,White Chocolate Covered Pretzels Recipe ,Spiced Rum Cream Recipe ,Shortcut Chicken Manicotti Recipe ","Chili IV Recipe ,Summer Afternoon Recipe ,Quick Chicken Soup Recipe ,Munchy Crunchy Cookies Recipe ,The Best Garlic Bread Recipe ,Moroccan Salmon Cakes with Garlic Mayonnaise Recipe ,Whiz Sausage Balls Recipe ,Asparagus Bake Recipe ,Bacon,Potato Salad I Recipe ,Salted Peanut Rolls Recipe ,Burgundy Pork Tenderloin Recipe ,No,Crab Bisque Recipe ,Homestyle Turkey, the Michigander Way Recipe ,Toffee and Cinnamon Apples Recipe ,Just Peachy Chicken Salad Recipe ,Dried Apricot Pie Recipe ,Candied Apples II Recipe ","Cream Cake Recipe ,Sparkling Punch Recipe ,Fruit,Frozen Peanut Butter Cheesecake Recipe ,Haystackers Recipe ,Oatmeal Dried Fruit Cookies Recipe ,Spice Cake II Recipe ,Chewy Oatmeal Cookies II Recipe ,Sweet and Sour Veggies Recipe ,Graham Cracker Crust II Recipe ,Early Morning Oven Roasted New Potatoes Recipe ,Deep Fried Lobster Recipe ,Caramel Candies Recipe ,Deep South Fried Chicken Recipe ,Slow Cooker Lentils and Sausage Recipe ,Texas Sheet Cake VI Recipe ,Hot Sauce Recipe ,Five Hour Stew Recipe ,Moscow Hot Chocolate Recipe ,Raspberry Almond Coffeecake Recipe ,Lady Lock Filling II Recipe ,Heavenly Marinade Recipe ","Chicken Pot Pie VIII Recipe ,Lemon Poppy Seed Muffins II Recipe ,Apple Raisin French Toast Strata Recipe ,Salad Dressing Cupcakes Recipe ,Slow Cooker Pork Chops Recipe ,Cranberry Salad II Recipe ,The Original Home,Party Chicken I Recipe ,Hot Crab Dip I Recipe ,Decadent Turtles® Pie Recipe ,Fruity Dip Recipe ,Russian Tea II Recipe ,'Ida''s Lemon Mousse Recipe ',Italian Chicken Marinade Recipe ,Grilled Oyster Mushrooms Recipe ,Cornbread Dressing I Recipe ,'Bob''s Blue Cheese Dressing Recipe ',Snowflake Cookies Recipe ","Fudgy Chocolate Chip Muffins Recipe ,Wild Rice Zoop Recipe ,Roasted Veggies with Couscous Recipe ,Cheesecake Dessert Recipe ,Citrus Swordfish With Citrus Salsa Recipe ,Beer Batter Recipe ,Jalapeno Pie Mini Tarts Recipe ,'Joe''s Favorite Hamburgers Recipe ',Garlic Lovers Beef Recipe ,Friday Night Veggie Soup Recipe ,Turkey and Stuffing Recipe ,Quick and Easy Chicken Noodle Soup Recipe ,Fruit Muffins Recipe ,No Bake Lemonade Icebox Pie Recipe ,Pico de Gallo Chicken Quesadillas Recipe "," Hot Spiced Cider Recipe,'World''s Best Cream Cheese and Pineapple Dip Recipe ',Carrot Walnut Cake Recipe ,Pork Chop and Potato Casserole Recipe ,Grilled Kingfish Recipe ,Shrimp and Avocado Salad Recipe ,Salsa Cube Steaks Recipe ,Great Garlic Bread Recipe ,Pecan Pralines Recipe ,Cookie Pie Recipe ,Cream of Artichoke Soup II Recipe ,Dill Wrapped Cream Cheese Recipe ,Triple Crunch Apple Salad Recipe ,Chicken Surprise Recipe ,Mushroom Kabobs Recipe ,Salmon with Brown Sugar and Bourbon Glaze Recipe ,Restaurant Style Spaghetti Sauce Recipe ,Roasted Vegetables Recipe ,Cabbage Patch Soup Recipe "
Joao,"Birthday Party Cake Recipe ,Italian Riboletta Soup Recipe ,Mexican Bean Pie Recipe ,Snowballs II Recipe ,Apple,Lemon Meringue Icebox Pie Recipe ,Sweet Potato Bake Recipe ,'Bunch''s Crab Casserole Recipe ',Almond Cookies I Recipe ,Caramel Corn Snack Mix Recipe ,Yogurt Salad Dressing Recipe ","Chocolate Banana Cake Recipe ,Golly Gee Gluten,Mixed Greens with Walnut and Roasted Onion Dressing Recipe ,Easy Apple Cinnamon Muffins Recipe ,Cream of Mushroom Soup III Recipe ,Blueberry Upside,Excellent and Healthy Cornbread Recipe ,Little Meat Loaves Recipe ,BBQ Chicken Salad Recipe ,Maple Bacon Pancake Recipe ,Zucchini Patties Recipe ,Vanilla Ice Cream VIII Recipe ,'Can''t Tell They''re Low','Bill''s Sauce Recipe ',Beef with Vegetables Recipe ,Butter Icing for Cookies Recipe ,Salad Dressing Cupcakes Recipe ,Peanut Buttercup Hot Chocolate Recipe ,Green Chile Cheese Beer Bread Recipe ,Eggless Egg Salad Recipe ,Olive Cheese Melts Recipe ,Lemon Pepper Chicken and Rice Recipe ,Caramel Shortbread Squares Recipe ","Pumpkin Cake I Recipe ,Almond Filling Recipe ,Matrimonial Bliss Recipe ,Banana Pudding Cake Recipe ,Eggless Fruitcake Recipe ,Texas Hot Sauce Recipe ,Carrot Cake XI Recipe ,Pineapple Mango Pie Recipe ,'Janet''s Appetizer Recipe ',Almond Shortbread I Recipe ,Iced Tea II Recipe ,Roasted Fall Vegetables Recipe ,Japanese Green Tea Petits Fours Recipe ,Sweet and Sour Kielbasa Recipe ,Guy Approved Meatloaf Recipe ,Baked Slow Cooker Chicken Recipe ,Crab Pitas Recipe ,'Gramma Bertha''s Banana Cake Recipe ',Sweet and Sour Meatballs I Recipe ,Melt in Your Mouth Mint Brownies Recipe ,Chocolate Chip Cheesecake II Recipe ,Purple and Gold Margarita Recipe ,Never Bitter Lemonade Recipe ,Apple Butter V Recipe ,Piereth Pie I Recipe ","Holiday Red Punch Recipe ,Paximade Recipe ,Easy Mexican Rice Recipe ,Peanut Butter Playdough Recipe ,Fat,'Morgan''s Grilled Fish Recipe ',Mocha Muffins Recipe ,Peanut Butter Chocolate Chip Cookies IV Recipe ,Coconut Cream Cake III Recipe ,Cranberry Sauce Chicken I Recipe ,Nanaimo Bars III Recipe ,Dutch Babies II Recipe ,Slow Cooker Creamed Corn Recipe ,Southern Chess Pie Recipe ,Swedish Pancakes Recipe ,Good Chocolate Pie Recipe ,Easy Shrimp Curry Recipe ,Banana Muffins I Recipe ","Instant Russian Tea Recipe ,Extra Extra Rich Brownies Recipe ,Old Fashioned Chocolate Cake  Recipe ,Nugget Pudding I Recipe ,Greek Honey Cake Recipe ,Blueberry Walnut Bread Recipe ,Tiramisu II Recipe ,Salmon Pie I Recipe ,Green Pea Salad With Cheese Recipe ,Shrimp Durango Recipe ","Curry Chicken Salad Recipe ,Kids Favorite Meatloaf Recipe ,Spinach Brownies Recipe ,Vegetable Fried Rice Recipe ,Nutmeg Mushrooms Recipe ,Paella III Recipe ,Fruit Cocktail Cake III Recipe ,Apple Crisp II Recipe ,Awesome Honey Pecan Pork Chops Recipe ,Chicken Noodle Soup II Recipe ,Angel Food Cake III Recipe ,Tasty Cabbage Salad Recipe ,Basque Cake Recipe ,Chow Mein Noodle Casserole Recipe ,Cream of Artichoke Soup II Recipe ,Chunky Banana Nut Chip Ice Cream Recipe ,Banana Split Ice Cream Recipe ,Parmesan Dill Rolls Recipe ,Authentic Hungarian Goulash Recipe ,Chocolate Date Cake II Recipe ,Apple Pecan Cornbread Dressing Recipe ,'Grandma''s Five Cup Salad Recipe ','Bev''s Chocolate Pie Recipe '"
